{"cameraMode":{"drawMode":0,"name":"Shaded","section":"Shading Mode"},"sceneLighting":true,"audioPlay":false,"sceneViewState":{"m_AlwaysRefresh":false,"showFog":true,"showSkybox":true,"showFlares":true,"showImageEffects":true,"showParticleSystems":true,"showVisualEffectGraphs":true,"m_FxEnabled":true},"in2DMode":false,"pivot":{"x":-49.85873031616211,"y":12.35099983215332,"z":292.0767822265625},"rotation":{"x":0.013169991783797741,"y":-0.6815289855003357,"z":0.012268541380763054,"w":0.7315713167190552},"size":1.6789289712905884,"orthographic":false}