{"cameraMode":{"drawMode":0,"name":"Shaded","section":"Shading Mode"},"sceneLighting":true,"audioPlay":false,"sceneViewState":{"m_AlwaysRefresh":false,"showFog":true,"showSkybox":true,"showFlares":true,"showImageEffects":true,"showParticleSystems":true,"showVisualEffectGraphs":true,"m_FxEnabled":true},"in2DMode":false,"pivot":{"x":-28.050832748413087,"y":11.289212226867676,"z":-91.29102325439453},"rotation":{"x":0.036369845271110538,"y":-0.9290348291397095,"z":0.09510035812854767,"w":0.3557593822479248},"size":4.178921222686768,"orthographic":false}