{"cameraMode":{"drawMode":0,"name":"Shaded","section":"Shading Mode"},"sceneLighting":true,"audioPlay":false,"sceneViewState":{"m_AlwaysRefresh":false,"showFog":true,"showSkybox":true,"showFlares":true,"showImageEffects":true,"showParticleSystems":true,"showVisualEffectGraphs":true,"m_FxEnabled":true},"in2DMode":false,"pivot":{"x":-49.62506103515625,"y":12.620675086975098,"z":289.9434509277344},"rotation":{"x":0.3864037096500397,"y":0.026280857622623445,"z":-0.011015842668712139,"w":0.9218926429748535},"size":27.626989364624025,"orthographic":false}