{"cameraMode":{"drawMode":0,"name":"Shaded","section":"Shading Mode"},"sceneLighting":true,"audioPlay":false,"sceneViewState":{"m_AlwaysRefresh":false,"showFog":true,"showSkybox":true,"showFlares":true,"showImageEffects":true,"showParticleSystems":true,"showVisualEffectGraphs":true,"m_FxEnabled":true},"in2DMode":false,"pivot":{"x":21.245643615722658,"y":1.052998423576355,"z":-1.003267765045166},"rotation":{"x":0.051644131541252139,"y":0.9245378971099854,"z":-0.13547775149345399,"w":0.352433443069458},"size":21.767419815063478,"orthographic":false}