{"cameraMode":{"drawMode":0,"name":"Shaded","section":"Shading Mode"},"sceneLighting":true,"audioPlay":false,"sceneViewState":{"m_AlwaysRefresh":false,"showFog":true,"showSkybox":true,"showFlares":true,"showImageEffects":true,"showParticleSystems":true,"showVisualEffectGraphs":true,"m_FxEnabled":true},"in2DMode":false,"pivot":{"x":207.76296997070313,"y":117.75786590576172,"z":10.3692626953125},"rotation":{"x":-0.08527690917253494,"y":-0.05261072516441345,"z":0.004442982841283083,"w":-0.9950159192085266},"size":498.84405517578127,"orthographic":false}