{"cameraMode":{"drawMode":0,"name":"Shaded","section":"Shading Mode"},"sceneLighting":true,"audioPlay":false,"sceneViewState":{"m_AlwaysRefresh":false,"showFog":true,"showSkybox":true,"showFlares":true,"showImageEffects":true,"showParticleSystems":true,"showVisualEffectGraphs":true,"m_FxEnabled":true},"in2DMode":false,"pivot":{"x":-183.68783569335938,"y":5.668821334838867,"z":-29.9950008392334},"rotation":{"x":-0.011746805161237717,"y":0.9804749488830566,"z":-0.06185460463166237,"w":-0.18633532524108888},"size":2.2467548847198488,"orthographic":false}