{"cameraMode":{"drawMode":0,"name":"Shaded","section":"Shading Mode"},"sceneLighting":true,"audioPlay":false,"sceneViewState":{"m_AlwaysRefresh":false,"showFog":true,"showSkybox":true,"showFlares":true,"showImageEffects":true,"showParticleSystems":true,"showVisualEffectGraphs":true,"m_FxEnabled":true},"in2DMode":false,"pivot":{"x":-26.30267906188965,"y":18.07767105102539,"z":316.3658142089844},"rotation":{"x":0.3489025831222534,"y":5.772567419626284e-7,"z":0.000001505677346358425,"w":0.9371638298034668},"size":75.88323974609375,"orthographic":false}