{"cameraMode":{"drawMode":0,"name":"Shaded","section":"Shading Mode"},"sceneLighting":true,"audioPlay":false,"sceneViewState":{"m_AlwaysRefresh":false,"showFog":true,"showSkybox":true,"showFlares":true,"showImageEffects":true,"showParticleSystems":true,"showVisualEffectGraphs":true,"m_FxEnabled":true},"in2DMode":false,"pivot":{"x":-33.16481018066406,"y":11.644617080688477,"z":69.80377960205078},"rotation":{"x":0.07054317742586136,"y":-0.5928924679756165,"z":0.052248187363147739,"w":0.8004864454269409},"size":2.6849148273468019,"orthographic":false}