{"cameraMode":{"drawMode":0,"name":"Shaded","section":"Shading Mode"},"sceneLighting":true,"audioPlay":false,"sceneViewState":{"m_AlwaysRefresh":false,"showFog":true,"showSkybox":true,"showFlares":true,"showImageEffects":true,"showParticleSystems":true,"showVisualEffectGraphs":true,"m_FxEnabled":true},"in2DMode":false,"pivot":{"x":-49.925697326660159,"y":11.956738471984864,"z":287.8402099609375},"rotation":{"x":-0.06353191286325455,"y":-0.02993597462773323,"z":-0.0018967724172398449,"w":0.9975422620773315},"size":0.025514602661132814,"orthographic":false}