{"cameraMode":{"drawMode":0,"name":"Shaded","section":"Shading Mode"},"sceneLighting":true,"audioPlay":false,"sceneViewState":{"m_AlwaysRefresh":false,"showFog":true,"showSkybox":true,"showFlares":true,"showImageEffects":true,"showParticleSystems":true,"showVisualEffectGraphs":true,"m_FxEnabled":true},"in2DMode":false,"pivot":{"x":-89.24820709228516,"y":0.21252912282943726,"z":315.4832763671875},"rotation":{"x":0.06290535628795624,"y":-0.7595396041870117,"z":-0.07429057359695435,"w":-0.6431365609169006},"size":0.43408259749412539,"orthographic":false}