{"cameraMode":{"drawMode":0,"name":"Shaded","section":"Shading Mode"},"sceneLighting":true,"audioPlay":false,"sceneViewState":{"m_AlwaysRefresh":false,"showFog":true,"showSkybox":true,"showFlares":true,"showImageEffects":true,"showParticleSystems":true,"showVisualEffectGraphs":true,"m_FxEnabled":true},"in2DMode":false,"pivot":{"x":-31.20193099975586,"y":17.237903594970704,"z":295.9903564453125},"rotation":{"x":0.38067713379859927,"y":-0.1406443864107132,"z":0.05870414152741432,"w":0.9120664000511169},"size":28.747861862182618,"orthographic":false}